,username,flines
0,cyz0430,"import java.io.BufferedReader;
 import java.io.InputStreamReader;
 import java.util.Arrays;
 import java.util.StringTokenizer;
 
 public class A1 {
 
 	public static void main(String[] args) throws Exception {
 		reader = new BufferedReader(new InputStreamReader(System.in));
 		st = new StringTokenizer(reader.readLine());
 		int t = Integer.parseInt(st.nextToken()), c = 1;
 		int a[] = new int[100], b[] = new int[100], cnt, sum;
 		boolean valid, used[] = new boolean[100000];
 		while (t-- > 0) {
 			st = new StringTokenizer(reader.readLine());
 			cnt = 0;
 			while (st.hasMoreTokens()) {
 				a[cnt++] = Integer.parseInt(st.nextToken());
 			}
 			for (int i = 2;; i++) {
 				valid = true;
 				for (int j = 0; j < cnt; j++) {
 					int tmp = i;
 					sum = i;
 					Arrays.fill(used, false);
 					used[i] = true;
 					while (sum != 1) {
 						tmp = sum;
 						sum = 0;
 						int k = 0;
 						while (tmp > 0) {
 							b[k] = tmp % a[j];
 							b[k] *= b[k];
 							sum += b[k];
 							k++;
 							tmp /= a[j];
 						}
 						if (used[sum]) {
 							valid = false;
 							break;
 						}
 						used[sum] = true;
 					}
 					if (!valid)
 						break;
 				}
 				if (valid) {
 					System.out.println(""Case #"" + c++ + "": "" + i);
 					break;
 				}
 			}
 		}
 
 	}
 
 	static StringTokenizer st;
 	static BufferedReader reader;
 	static String line;
 	static double eps = 1e-9;
 	static double PI = Math.atan2(0, -1.0);
 
 }
"
1,basser.duncs,"#!/usr/bin/env python
 
 import sys, math
 
 def changeBaseFromTen(num,base):
     digits = []
     while num > 0:
         digits.insert(0, str(num % base))
         num /= base
     return """".join(digits)
 
 def isHappy(num,base):
     thisNum = changeBaseFromTen(num,base)
     numsPassed = [thisNum]
     while (thisNum != ""1""):
         digits = map(int,thisNum)
         sqDigits = map(lambda x: pow(x,2), digits)
         thisNum = sum(sqDigits)
         thisNum = changeBaseFromTen(thisNum,base)
         if thisNum in numsPassed:
             return False
         else:
             numsPassed.append(thisNum)
     return True
 
 n = int(sys.stdin.readline().strip())
 
 for i in range(n):
     bases = map(int,sys.stdin.readline().strip().split("" ""))
     res = 0
 
     for j in range(2,10000000):
         found = True
         for base in bases:
             if not isHappy(j,base):
                 found = False
                 break
         if found:
             res = j
             break
 
     print ""Case #%d: %d"" % (i+1, res) 
"
2,basser.duncs,"#!/usr/bin/env python
 
 import sys
 import math
 
 N = int(sys.stdin.readline().strip())
 
 for i in range(N):
     c, n = map(float,sys.stdin.readline().strip().split("" ""))
     res = 1 + c/n + (c-n-1)/n
     print ""Case #%d: %f"" %(i+1,res)
     continue
     numCollected = n
     numPacks = 1.0
     while ( True ):
         cardsLeft = math.ceil(c - numCollected)
         found = False
         for i in range(n):
             numCollected += float(cardsLeft)/c
             if (numCollected >= c):
                 numPacks += float(i+1)/float(n)
                 found = True
                 break
         if found:
             break
         numPacks += 1.0
 
                
 
     print ""Case #%d: %f"" % (i+1,numPacks) 
"
3,bhamrick,"#include<queue>
 #include<cstdio>
 #include<cstdlib>
 
 #define MAXN 25
 #define INFTY 0x7FFFFFFFFFFFFFFFll
 
 using namespace std;
 
 long long mod(long long a, long long b) {
 	return (a%b+b)%b;
 }
 
 int N, M;
 
 bool valid(int r, int c) {
 	return r >= 0 && r < N && c >= 0 && c < M;
 }
 
 long long nextgreen(int S1, int S2, int T, long long t, bool ns) {
 	if(ns) {
 		if(mod(t-T,S1+S2) < S1) {
 			return t;
 		} else {
 			return t + (S1+S2 - mod(t-T,S1+S2));
 		}
 	} else {
 		if(mod(t-T,S1+S2) >= S1) {
 			return t;
 		} else {
 			return t + (S1 - mod(t-T,S1+S2));
 		}
 	}
 }
 
 int main() {
 	long long dist[MAXN][MAXN][4]; // 0 = sw, 1 = nw, 2 = ne, 3 = se
 	int S1[MAXN][MAXN], S2[MAXN][MAXN], T[MAXN][MAXN];
 	FILE *fin = fopen(""B.in"",""r""), *fout = fopen(""B.out"",""w"");
 	int C;
 	fscanf(fin,""%d"",&C);
 	for(int cc = 1; cc<=C; cc++) {
 		for(int i = 0; i<MAXN; i++)
 			for(int j = 0; j<MAXN; j++)
 				for(int k = 0; k<4; k++)
 					dist[i][j][k]=INFTY;
 		fscanf(fin,""%d%d"",&N,&M);
 		for(int i = 0; i<N; i++) {
 			for(int j = 0; j<M; j++) {
 				fscanf(fin,""%d%d%d"",&S1[i][j],&S2[i][j],&T[i][j]);
 			}
 		}
 		dist[N-1][0][0]=0;
 		priority_queue< pair< pair<long long,int>,pair<int,int> > > pq;
 		pq.push(make_pair(make_pair(0ll,0),make_pair(N-1,0)));
 		while(!pq.empty()) {
 			pair< pair<long long,int>,pair<int,int> > p = pq.top();
 			pq.pop();
 			if(p.first.first > dist[p.second.first][p.second.second][p.first.second]) continue;
 			int r = p.second.first, c = p.second.second, d = p.first.first, k = p.first.second;
 			if(p.first.second == 0) {
 				if(valid(r,c-1)) {
 					if(dist[r][c][0]+2 < dist[r][c-1][3]) {
 						dist[r][c-1][3] = dist[r][c][0] + 2;
 						pq.push(make_pair(make_pair(-dist[r][c][0]-2,3),make_pair(r,c-1)));
 					}
 				}
 				if(valid(r+1,c)) {
 					if(dist[r][c][0]+2 < dist[r+1][c][1]) {
 						dist[r+1][c][1] = dist[r][c][0] + 2;
 						pq.push(make_pair(make_pair(-dist[r][c][0]-2,1),make_pair(r+1,c)));
 					}
 				}
 				if(nextgreen(S1[r][c],S2[r][c],T[r][c],dist[r][c][0],true) + 1 < dist[r][c][1]) {
 					dist[r][c][1] = nextgreen(S1[r][c],S2[r][c],T[r][c],dist[r][c][0],true) + 1;
 					pq.push(make_pair(make_pair(-dist[r][c][1],1),make_pair(r,c)));
 				}
 				if(nextgreen(S1[r][c],S2[r][c],T[r][c],dist[r][c][0],false) + 1 < dist[r][c][3]) {
 					dist[r][c][3] = nextgreen(S1[r][c],S2[r][c],T[r][c],dist[r][c][0],false) + 1;
 					pq.push(make_pair(make_pair(-dist[r][c][3],3),make_pair(r,c)));
 				}
 			} else if(p.first.second == 1) {
 				if(valid(r-1,c)) {
 					if(dist[r][c][1]+2 < dist[r-1][c][0]) {
 						dist[r-1][c][0] = dist[r][c][1] + 2;
 						pq.push(make_pair(make_pair(-dist[r][c][1]-2,0),make_pair(r-1,c)));
 					}
 				}
 				if(valid(r,c-1)) {
 					if(dist[r][c][1]+2 < dist[r][c-1][2]) {
 						dist[r][c-1][2] = dist[r][c][1] + 2;
 						pq.push(make_pair(make_pair(-dist[r][c][1]-2,2),make_pair(r,c-1)));
 					}
 				}
 				if(nextgreen(S1[r][c],S2[r][c],T[r][c],dist[r][c][1],true) + 1 < dist[r][c][0]) {
 					dist[r][c][0] = nextgreen(S1[r][c],S2[r][c],T[r][c],dist[r][c][1],true) + 1;
 					pq.push(make_pair(make_pair(-dist[r][c][0],0),make_pair(r,c)));
 				}
 				if(nextgreen(S1[r][c],S2[r][c],T[r][c],dist[r][c][1],false) + 1 < dist[r][c][2]) {
 					dist[r][c][2] = nextgreen(S1[r][c],S2[r][c],T[r][c],dist[r][c][1],false) + 1;
 					pq.push(make_pair(make_pair(-dist[r][c][2],2),make_pair(r,c)));
 				}
 			} else if(p.first.second == 2) {
 				if(valid(r-1,c)) {
 					if(dist[r][c][2]+2 < dist[r-1][c][3]) {
 						dist[r-1][c][3] = dist[r][c][2] + 2;
 						pq.push(make_pair(make_pair(-dist[r][c][2]-2,3),make_pair(r-1,c)));
 					}
 				}
 				if(valid(r,c+1)) {
 					if(dist[r][c][2]+2 < dist[r][c+1][1]) {
 						dist[r][c+1][1] = dist[r][c][2] + 2;
 						pq.push(make_pair(make_pair(-dist[r][c][2]-2,1),make_pair(r,c+1)));
 					}
 				}
 				if(nextgreen(S1[r][c],S2[r][c],T[r][c],dist[r][c][2],true) + 1 < dist[r][c][3]) {
 					dist[r][c][3] = nextgreen(S1[r][c],S2[r][c],T[r][c],dist[r][c][2],true) + 1;
 					pq.push(make_pair(make_pair(-dist[r][c][3],3),make_pair(r,c)));
 				}
 				if(nextgreen(S1[r][c],S2[r][c],T[r][c],dist[r][c][2],false) + 1 < dist[r][c][1]) {
 					dist[r][c][1] = nextgreen(S1[r][c],S2[r][c],T[r][c],dist[r][c][2],false) + 1;
 					pq.push(make_pair(make_pair(-dist[r][c][1],1),make_pair(r,c)));
 				}
 			} else if(p.first.second == 3) {
 				if(valid(r+1,c)) {
 					if(dist[r][c][3]+2 < dist[r+1][c][2]) {
 						dist[r+1][c][2] = dist[r][c][3] + 2;
 						pq.push(make_pair(make_pair(-dist[r][c][3]-2,2),make_pair(r+1,c)));
 					}
 				}
 				if(valid(r,c+1)) {
 					if(dist[r][c][3]+2 < dist[r][c+1][0]) {
 						dist[r][c+1][0] = dist[r][c][3] + 2;
 						pq.push(make_pair(make_pair(-dist[r][c][3]-2,0),make_pair(r,c+1)));
 					}
 				}
 				if(nextgreen(S1[r][c],S2[r][c],T[r][c],dist[r][c][3],true) + 1 < dist[r][c][2]) {
 					dist[r][c][2] = nextgreen(S1[r][c],S2[r][c],T[r][c],dist[r][c][3],true) + 1;
 					pq.push(make_pair(make_pair(-dist[r][c][2],2),make_pair(r,c)));
 				}
 				if(nextgreen(S1[r][c],S2[r][c],T[r][c],dist[r][c][3],false) + 1 < dist[r][c][0]) {
 					dist[r][c][0] = nextgreen(S1[r][c],S2[r][c],T[r][c],dist[r][c][3],false) + 1;
 					pq.push(make_pair(make_pair(-dist[r][c][0],0),make_pair(r,c)));
 				}
 			}
 		}
 		fprintf(fout,""Case #%d: %lld\n"",cc,dist[0][M-1][2]);
 	}
 	fclose(fin);
 	fclose(fout);
 	return 0;
 }
"
4,bhamrick,"#include<queue>
 #include<cstdio>
 #include<cstdlib>
 
 #define MAXN 25
 #define INFTY 0x7FFFFFFFFFFFFFFFll
 
 using namespace std;
 
 long long mod(long long a, long long b) {
 	return (a%b+b)%b;
 }
 
 int N, M;
 
 bool valid(int r, int c) {
 	return r >= 0 && r < N && c >= 0 && c < M;
 }
 
 long long nextgreen(int S1, int S2, int T, long long t, bool ns) {
 	if(ns) {
 		if(mod(t-T,S1+S2) < S1) {
 			return t;
 		} else {
 			return t + (S1+S2 - mod(t-T,S1+S2));
 		}
 	} else {
 		if(mod(t-T,S1+S2) >= S1) {
 			return t;
 		} else {
 			return t + (S1 - mod(t-T,S1+S2));
 		}
 	}
 }
 
 int main() {
 	long long dist[MAXN][MAXN][4]; // 0 = sw, 1 = nw, 2 = ne, 3 = se
 	int S1[MAXN][MAXN], S2[MAXN][MAXN], T[MAXN][MAXN];
 	FILE *fin = fopen(""B.in"",""r""), *fout = fopen(""B.out"",""w"");
 	int C;
 	fscanf(fin,""%d"",&C);
 	for(int cc = 1; cc<=C; cc++) {
 		for(int i = 0; i<MAXN; i++)
 			for(int j = 0; j<MAXN; j++)
 				for(int k = 0; k<4; k++)
 					dist[i][j][k]=INFTY;
 		fscanf(fin,""%d%d"",&N,&M);
 		for(int i = 0; i<N; i++) {
 			for(int j = 0; j<M; j++) {
 				fscanf(fin,""%d%d%d"",&S1[i][j],&S2[i][j],&T[i][j]);
 			}
 		}
 		dist[N-1][0][0]=0;
 		priority_queue< pair< pair<long long,int>,pair<int,int> > > pq;
 		pq.push(make_pair(make_pair(0ll,0),make_pair(N-1,0)));
 		while(!pq.empty()) {
 			pair< pair<long long,int>,pair<int,int> > p = pq.top();
 			pq.pop();
 			if(p.first.first > dist[p.second.first][p.second.second][p.first.second]) continue;
 			int r = p.second.first, c = p.second.second, d = p.first.first, k = p.first.second;
 			if(p.first.second == 0) {
 				if(valid(r,c-1)) {
 					if(dist[r][c][0]+2 < dist[r][c-1][3]) {
 						dist[r][c-1][3] = dist[r][c][0] + 2;
 						pq.push(make_pair(make_pair(dist[r][c][0]+2,3),make_pair(r,c-1)));
 					}
 				}
 				if(valid(r+1,c)) {
 					if(dist[r][c][0]+2 < dist[r+1][c][1]) {
 						dist[r+1][c][1] = dist[r][c][0] + 2;
 						pq.push(make_pair(make_pair(dist[r][c][0]+2,1),make_pair(r+1,c)));
 					}
 				}
 				if(nextgreen(S1[r][c],S2[r][c],T[r][c],dist[r][c][0],true) + 1 < dist[r][c][1]) {
 					dist[r][c][1] = nextgreen(S1[r][c],S2[r][c],T[r][c],dist[r][c][0],true) + 1;
 					pq.push(make_pair(make_pair(dist[r][c][1],1),make_pair(r,c)));
 				}
 				if(nextgreen(S1[r][c],S2[r][c],T[r][c],dist[r][c][0],false) + 1 < dist[r][c][3]) {
 					dist[r][c][3] = nextgreen(S1[r][c],S2[r][c],T[r][c],dist[r][c][0],false) + 1;
 					pq.push(make_pair(make_pair(dist[r][c][3],3),make_pair(r,c)));
 				}
 			} else if(p.first.second == 1) {
 				if(valid(r-1,c)) {
 					if(dist[r][c][1]+2 < dist[r-1][c][0]) {
 						dist[r-1][c][0] = dist[r][c][1] + 2;
 						pq.push(make_pair(make_pair(dist[r][c][1]+2,0),make_pair(r-1,c)));
 					}
 				}
 				if(valid(r,c-1)) {
 					if(dist[r][c][1]+2 < dist[r][c-1][2]) {
 						dist[r][c-1][2] = dist[r][c][1] + 2;
 						pq.push(make_pair(make_pair(dist[r][c][1]+2,2),make_pair(r,c-1)));
 					}
 				}
 				if(nextgreen(S1[r][c],S2[r][c],T[r][c],dist[r][c][1],true) + 1 < dist[r][c][0]) {
 					dist[r][c][0] = nextgreen(S1[r][c],S2[r][c],T[r][c],dist[r][c][1],true) + 1;
 					pq.push(make_pair(make_pair(dist[r][c][0],0),make_pair(r,c)));
 				}
 				if(nextgreen(S1[r][c],S2[r][c],T[r][c],dist[r][c][1],false) + 1 < dist[r][c][2]) {
 					dist[r][c][2] = nextgreen(S1[r][c],S2[r][c],T[r][c],dist[r][c][1],false) + 1;
 					pq.push(make_pair(make_pair(dist[r][c][2],2),make_pair(r,c)));
 				}
 			} else if(p.first.second == 2) {
 				if(valid(r-1,c)) {
 					if(dist[r][c][2]+2 < dist[r-1][c][3]) {
 						dist[r-1][c][3] = dist[r][c][2] + 2;
 						pq.push(make_pair(make_pair(dist[r][c][2]+2,3),make_pair(r-1,c)));
 					}
 				}
 				if(valid(r,c+1)) {
 					if(dist[r][c][2]+2 < dist[r][c+1][1]) {
 						dist[r][c+1][1] = dist[r][c][2] + 2;
 						pq.push(make_pair(make_pair(dist[r][c][2]+2,1),make_pair(r,c+1)));
 					}
 				}
 				if(nextgreen(S1[r][c],S2[r][c],T[r][c],dist[r][c][2],true) + 1 < dist[r][c][3]) {
 					dist[r][c][3] = nextgreen(S1[r][c],S2[r][c],T[r][c],dist[r][c][2],true) + 1;
 					pq.push(make_pair(make_pair(dist[r][c][3],3),make_pair(r,c)));
 				}
 				if(nextgreen(S1[r][c],S2[r][c],T[r][c],dist[r][c][2],false) + 1 < dist[r][c][1]) {
 					dist[r][c][1] = nextgreen(S1[r][c],S2[r][c],T[r][c],dist[r][c][2],false) + 1;
 					pq.push(make_pair(make_pair(dist[r][c][1],1),make_pair(r,c)));
 				}
 			} else if(p.first.second == 3) {
 				if(valid(r+1,c)) {
 					if(dist[r][c][3]+2 < dist[r+1][c][2]) {
 						dist[r+1][c][2] = dist[r][c][3] + 2;
 						pq.push(make_pair(make_pair(dist[r][c][3]+2,2),make_pair(r+1,c)));
 					}
 				}
 				if(valid(r,c+1)) {
 					if(dist[r][c][3]+2 < dist[r][c+1][0]) {
 						dist[r][c+1][0] = dist[r][c][3] + 2;
 						pq.push(make_pair(make_pair(dist[r][c][3]+2,0),make_pair(r,c+1)));
 					}
 				}
 				if(nextgreen(S1[r][c],S2[r][c],T[r][c],dist[r][c][3],true) + 1 < dist[r][c][2]) {
 					dist[r][c][2] = nextgreen(S1[r][c],S2[r][c],T[r][c],dist[r][c][3],true) + 1;
 					pq.push(make_pair(make_pair(dist[r][c][2],2),make_pair(r,c)));
 				}
 				if(nextgreen(S1[r][c],S2[r][c],T[r][c],dist[r][c][3],false) + 1 < dist[r][c][0]) {
 					dist[r][c][0] = nextgreen(S1[r][c],S2[r][c],T[r][c],dist[r][c][3],false) + 1;
 					pq.push(make_pair(make_pair(dist[r][c][0],0),make_pair(r,c)));
 				}
 			}
 		}
 		fprintf(fout,""Case #%d: %lld\n"",cc,dist[0][M-1][2]);
 	}
 	fclose(fin);
 	fclose(fout);
 	return 0;
 }
"
5,bhamrick,"#include<map>
 #include<set>
 #include<cstdio>
 #include<cstdlib>
 
 #define MAXANS 11814486
 
 using namespace std;
 
 map<pair<int,int>, bool> mem;
 
 bool happy(int n, int b) {
 //	printf(""%d %d\n"",n,b);
 	set<int> s;
 	while(n!=1) {
 		if(mem.count(make_pair(n,b)) > 0) return mem[make_pair(n,b)];
 		if(s.count(n) > 0) {
 			for(set<int>::iterator iter = s.begin(); iter != s.end(); iter++) {
 				mem[make_pair(*iter,b)]=false;
 			}
 			return false;
 		}
 		s.insert(n);
 		int nn = 0;
 		while(n) {
 			nn += (n%b)*(n%b);
 			n /= b;
 		}
 		n = nn;
 //		printf(""%d\n"",n);
 	}
 	for(set<int>::iterator iter = s.begin(); iter != s.end(); iter++) {
 		mem[make_pair(*iter,b)]=true;
 	}
 	return true;
 }
 
 int bases[11], nb, ans[512];
 
 int main() {
 	FILE *fin = fopen(""A.in"",""r"");
 	FILE *fout = fopen(""A.out"",""w"");
 	int T;
 	fscanf(fin,""%d "",&T);
 	for(int i = 0; i<512; i++) ans[i] = 0;
 	for(int i = 2; i<MAXANS; i++) {
 		int mask = 0;
 		for(int b = 0; b<9; b++) {
 			if(happy(i,b+2)) {
 				mask |= (1<<b);
 			}
 		}
 		if(ans[mask] == 0) {
 			ans[mask] = i;
 		}
 	}
 	for(int k = 1; k<=T; k++) {
 		nb = 0;
 		char c = 0;
 		int base = 0;
 		fscanf(fin,""%c"",&c);
 		while(c != 10) {
 			if(c == ' ') {
 				bases[nb] = base;
 				nb++;
 				base = 0;
 			} else {
 				base = base * 10 + (c-'0');
 			}
 			fscanf(fin,""%c"",&c);
 //			printf(""%d\n"",c);
 		}
 		bases[nb] = base;
 		nb++;
 //		printf(""nb = %d\n"");
 //		for(int i = 0; i<nb; i++) {
 //			printf(""%d "",bases[i]);
 //		}
 //		printf(""\n"");
 		int mask = 0;
 		for(int i = 0; i<nb; i++) {
 			mask |= (1<<(bases[i]-2));
 		}
 		int tans = MAXANS;
 		for(int i = 0; i<512; i++) {
 			if((mask & (~i))==0) {
 				if(ans[i] < tans && ans[i] != 0) tans = ans[i];
 			}
 		}
 		fprintf(fout,""Case #%d: %d\n"",k,tans);
 	}
 	fclose(fin);
 	fclose(fout);
 	return 0;
 }
"
6,bhamrick,"#include<set>
 #include<cstdio>
 #include<cstdlib>
 
 using namespace std;
 
 bool happy(int n, int b) {
 //	printf(""%d %d\n"",n,b);
 	set<int> s;
 	while(n!=1) {
 		if(s.count(n) > 0) return false;
 		s.insert(n);
 		int nn = 0;
 		while(n) {
 			nn += (n%b)*(n%b);
 			n /= b;
 		}
 		n = nn;
 //		printf(""%d\n"",n);
 	}
 	return true;
 }
 
 int bases[11], nb;
 
 int main() {
 	FILE *fin = fopen(""A.in"",""r"");
 	FILE *fout = fopen(""A.out"",""w"");
 	int T;
 	fscanf(fin,""%d "",&T);
 	for(int k = 1; k<=T; k++) {
 		nb = 0;
 		char c = 0;
 		int base = 0;
 		fscanf(fin,""%c"",&c);
 		while(c != 10) {
 			if(c == ' ') {
 				bases[nb] = base;
 				nb++;
 				base = 0;
 			} else {
 				base = base * 10 + (c-'0');
 			}
 			fscanf(fin,""%c"",&c);
 //			printf(""%d\n"",c);
 		}
 		bases[nb] = base;
 		nb++;
 //		printf(""nb = %d\n"");
 //		for(int i = 0; i<nb; i++) {
 //			printf(""%d "",bases[i]);
 //		}
 //		printf(""\n"");
 		for(int i = 2; ; i++) {
 			bool flag = true;
 			for(int b = 0; b<nb; b++) {
 				if(!happy(i,bases[b])) {
 					flag = false;
 					break;
 				}
 			}
 			if(flag) {
 				fprintf(fout,""Case #%d: %d\n"",k,i);
 				break;
 			}
 		}
 	}
 	fclose(fin);
 	fclose(fout);
 	return 0;
 }
"
7,bhamrick,"(* Content-type: application/mathematica *)
 
 (*** Wolfram Notebook File ***)
 (* http://www.wolfram.com/nb *)
 
 (* CreatedBy='Mathematica 7.0' *)
 
 (*CacheID: 234*)
 (* Internal cache information:
 NotebookFileLineBreakTest
 NotebookFileLineBreakTest
 NotebookDataPosition[       145,          7]
 NotebookDataLength[      8484,        270]
 NotebookOptionsPosition[      7457,        233]
 NotebookOutlinePosition[      7795,        248]
 CellTagsIndexPosition[      7752,        245]
 WindowFrame->Normal*)
 
 (* Beginning of Notebook Content *)
 Notebook[{
 Cell[BoxData[""""], ""Input"",
  CellChangeTimes->{{3.4617093519345837`*^9, 3.461709352528963*^9}},
  FontWeight->""Plain""],
 
 Cell[BoxData[
  RowBox[{
   RowBox[{""f"", ""["", 
    RowBox[{""c_"", "","", ""ctot_"", "","", ""n_""}], ""]""}], "":="", 
   RowBox[{""Piecewise"", ""["", 
    RowBox[{""{"", 
     RowBox[{
      RowBox[{""{"", 
       RowBox[{""0"", "","", 
        RowBox[{""c"", ""\[LessEqual]"", ""0""}]}], ""}""}], "","", 
      RowBox[{""{"", 
       RowBox[{
        RowBox[{
         RowBox[{""1"", ""/"", 
          RowBox[{""("", 
           RowBox[{
            RowBox[{""Binomial"", ""["", 
             RowBox[{""ctot"", "","", ""n""}], ""]""}], ""-"", 
            RowBox[{""Binomial"", ""["", 
             RowBox[{
              RowBox[{""ctot"", ""-"", ""c""}], "","", ""n""}], ""]""}]}], "")""}]}], ""*"", 
         RowBox[{""("", 
          RowBox[{
           RowBox[{""Binomial"", ""["", 
            RowBox[{""ctot"", "","", ""n""}], ""]""}], ""+"", 
           RowBox[{""Sum"", ""["", 
            RowBox[{
             RowBox[{
              RowBox[{""Binomial"", ""["", 
               RowBox[{""c"", "","", ""i""}], ""]""}], ""*"", 
              RowBox[{""Binomial"", ""["", 
               RowBox[{
                RowBox[{""ctot"", ""-"", ""c""}], "","", 
                RowBox[{""n"", ""-"", ""i""}]}], ""]""}], ""*"", 
              RowBox[{""f"", ""["", 
               RowBox[{
                RowBox[{""c"", ""-"", ""i""}], "","", ""ctot"", "","", ""n""}], ""]""}]}], "","", 
             RowBox[{""{"", 
              RowBox[{""i"", "","", ""1"", "","", 
               RowBox[{""Min"", ""["", 
                RowBox[{""n"", "","", ""c""}], ""]""}]}], ""}""}]}], ""]""}]}], "")""}]}], 
        "","", 
        RowBox[{""c"", "">"", ""0""}]}], ""}""}]}], ""}""}], ""]""}]}]], ""Input"",
  CellChangeTimes->{{3.461709366645303*^9, 3.461709437826968*^9}, {
   3.461710144839479*^9, 3.461710147040761*^9}}],
 
 Cell[BoxData[{
  RowBox[{
   RowBox[{""fout"", ""="", 
    RowBox[{""OpenWrite"", ""["", ""\""\<C.out\>\"""", ""]""}]}], 
   "";""}], ""\[IndentingNewLine]"", 
  RowBox[{
   RowBox[{""list"", ""="", 
    RowBox[{""ReadList"", ""["", 
     RowBox[{""\""\<C.in\>\"""", "","", ""Number""}], ""]""}]}], 
   "";""}], ""\[IndentingNewLine]"", 
  RowBox[{
   RowBox[{""T"", ""="", 
    RowBox[{""First"", ""["", ""list"", ""]""}]}], "";""}], ""\[IndentingNewLine]"", 
  RowBox[{
   RowBox[{""list"", ""="", 
    RowBox[{""Rest"", ""["", ""list"", ""]""}]}], "";""}], ""\[IndentingNewLine]"", 
  RowBox[{""For"", ""["", 
   RowBox[{
    RowBox[{""i"", ""="", ""1""}], "","", 
    RowBox[{""i"", ""\[LessEqual]"", ""T""}], "","", 
    RowBox[{""i"", ""="", 
     RowBox[{""i"", ""+"", ""1""}]}], "","", 
    RowBox[{
     RowBox[{""tc"", ""="", 
      RowBox[{""First"", ""["", ""list"", ""]""}]}], "";"", 
     RowBox[{""list"", ""="", 
      RowBox[{""Rest"", ""["", ""list"", ""]""}]}], "";"", 
     RowBox[{""tn"", ""="", 
      RowBox[{""First"", ""["", ""list"", ""]""}]}], "";"", 
     RowBox[{""list"", ""="", 
      RowBox[{""Rest"", ""["", ""list"", ""]""}]}], "";"", 
     RowBox[{""ans"", ""="", 
      RowBox[{""{"", ""}""}]}], "";"", 
     RowBox[{""For"", ""["", 
      RowBox[{
       RowBox[{""c"", ""="", ""1""}], "","", 
       RowBox[{""c"", ""\[LessEqual]"", ""tc""}], "","", 
       RowBox[{""c"", ""="", 
        RowBox[{""c"", ""+"", ""1""}]}], "","", 
       RowBox[{""ans"", ""="", 
        RowBox[{""Append"", ""["", 
         RowBox[{""ans"", "","", 
          RowBox[{
           RowBox[{""1"", ""/"", 
            RowBox[{""("", 
             RowBox[{
              RowBox[{""Binomial"", ""["", 
               RowBox[{""tc"", "","", ""tn""}], ""]""}], ""-"", 
              RowBox[{""Binomial"", ""["", 
               RowBox[{
                RowBox[{""tc"", ""-"", ""c""}], "","", ""tn""}], ""]""}]}], "")""}]}], ""*"", 
           RowBox[{""("", 
            RowBox[{
             RowBox[{""Binomial"", ""["", 
              RowBox[{""tc"", "","", ""tn""}], ""]""}], ""+"", 
             RowBox[{""Sum"", ""["", 
              RowBox[{
               RowBox[{
                RowBox[{""Binomial"", ""["", 
                 RowBox[{""c"", "","", ""j""}], ""]""}], ""*"", 
                RowBox[{""Binomial"", ""["", 
                 RowBox[{
                  RowBox[{""tc"", ""-"", ""c""}], "","", 
                  RowBox[{""tn"", ""-"", ""j""}]}], ""]""}], ""*"", 
                RowBox[{""ans"", ""["", 
                 RowBox[{""["", 
                  RowBox[{""c"", ""-"", ""j""}], ""]""}], ""]""}]}], "","", 
               RowBox[{""{"", 
                RowBox[{""j"", "","", ""1"", "","", 
                 RowBox[{""Min"", ""["", 
                  RowBox[{""tn"", "","", 
                   RowBox[{""c"", ""-"", ""1""}]}], ""]""}]}], ""}""}]}], ""]""}]}], 
            "")""}]}]}], ""]""}]}]}], ""]""}], "";"", 
     RowBox[{""WriteString"", ""["", 
      RowBox[{
      ""fout"", "","", ""\""\<Case #\>\"""", "","", ""i"", "","", ""\""\<: \>\"""", "","", 
       RowBox[{""N"", ""["", 
        RowBox[{
         RowBox[{""ans"", ""["", 
          RowBox[{""["", ""tc"", ""]""}], ""]""}], "","", ""8""}], ""]""}], "","", 
       ""\""\<\\n\>\""""}], ""]""}]}]}], ""]""}], ""\[IndentingNewLine]"", 
  RowBox[{
   RowBox[{""Close"", ""["", ""fout"", ""]""}], "";""}]}], ""Input"",
  CellChangeTimes->{{3.461709440452496*^9, 3.461709463777014*^9}, {
   3.4617096147491407`*^9, 3.46170962630998*^9}, {3.4617096575738373`*^9, 
   3.461709827485632*^9}, {3.46170989702627*^9, 3.4617099666033783`*^9}, {
   3.461710178537223*^9, 3.461710417441124*^9}}],
 
 Cell[CellGroupData[{
 
 Cell[BoxData[
  RowBox[{""T"", "" "", ""="", "" "", 
   RowBox[{""First"", ""["", ""list"", ""]""}]}]], ""Input"",
  CellChangeTimes->{{3.4617094664425488`*^9, 3.461709524224614*^9}, {
   3.461709556111203*^9, 3.461709562306778*^9}}],
 
 Cell[BoxData[""2""], ""Output"",
  CellChangeTimes->{{3.461709467348528*^9, 3.461709524541711*^9}, 
    3.4617095633641043`*^9}]
 }, Open  ]],
 
 Cell[CellGroupData[{
 
 Cell[BoxData[""T""], ""Input"",
  CellChangeTimes->{3.461709563927175*^9}],
 
 Cell[BoxData[""2""], ""Output"",
  CellChangeTimes->{3.461709564614134*^9}]
 }, Open  ]],
 
 Cell[CellGroupData[{
 
 Cell[BoxData[
  RowBox[{""\[IndentingNewLine]"", 
   RowBox[{""list"", ""="", 
    RowBox[{""Rest"", ""["", ""list"", ""]""}]}]}]], ""Input"",
  CellChangeTimes->{{3.461709583407507*^9, 3.461709606766411*^9}}],
 
 Cell[BoxData[
  RowBox[{""{"", 
   RowBox[{""2"", "","", ""1"", "","", ""3"", "","", ""2""}], ""}""}]], ""Output"",
  CellChangeTimes->{{3.461709604407844*^9, 3.461709607066811*^9}}]
 }, Open  ]],
 
 Cell[BoxData[
  RowBox[{
   RowBox[{""{"", ""2"", ""}""}], ""["", 
   RowBox[{""["", ""1"", ""]""}], ""]""}]], ""Input"",
  CellChangeTimes->{{3.4617101219342127`*^9, 3.4617101315323563`*^9}}],
 
 Cell[CellGroupData[{
 
 Cell[BoxData[{""2"", ""\[IndentingNewLine]"", 
  RowBox[{""Min"", ""["", 
   RowBox[{""2"", "","", ""3""}], ""]""}]}], ""Input"",
  CellChangeTimes->{{3.4617101517696047`*^9, 3.461710153196177*^9}}],
 
 Cell[BoxData[""2""], ""Output"",
  CellChangeTimes->{3.461710153552635*^9}],
 
 Cell[BoxData[""2""], ""Output"",
  CellChangeTimes->{3.4617101535838537`*^9}]
 }, Open  ]],
 
 Cell[BoxData[""""], ""Input"",
  CellChangeTimes->{{3.461709590184916*^9, 3.461709610213735*^9}}],
 
 Cell[BoxData[""""], ""Input"",
  CellChangeTimes->{{3.461709609702208*^9, 3.4617096097322607`*^9}}],
 
 Cell[BoxData[""""], ""Input"",
  CellChangeTimes->{{3.461709608684236*^9, 3.46170960871607*^9}}],
 
 Cell[BoxData[
  RowBox[{""for"", ""["", 
   RowBox[{
    RowBox[{""i"", ""="", ""1""}], "","", 
    RowBox[{
     RowBox[{""i"", ""\[LessEqual]"", ""T""}], "";"", 
     RowBox[{""i"", ""="", 
      RowBox[{""i"", ""+"", ""1""}]}]}], "",""}]}]], ""Input"",
  CellChangeTimes->{{3.461709566157962*^9, 3.461709582223267*^9}}]
 },
 WindowSize->{640, 750},
 WindowMargins->{{150, Automatic}, {Automatic, 52}},
 FrontEndVersion->""7.0 for Linux x86 (64-bit) (February 25, 2009)"",
 StyleDefinitions->""Default.nb""
 ]
 (* End of Notebook Content *)
 
 (* Internal cache information *)
 (*CellTagsOutline
 CellTagsIndex->{}
 *)
 (*CellTagsIndex
 CellTagsIndex->{}
 *)
 (*NotebookFileOutline
 Notebook[{
 Cell[545, 20, 116, 2, 28, ""Input""],
 Cell[664, 24, 1576, 44, 131, ""Input""],
 Cell[2243, 70, 3166, 86, 233, ""Input""],
 Cell[CellGroupData[{
 Cell[5434, 160, 211, 4, 28, ""Input""],
 Cell[5648, 166, 122, 2, 28, ""Output""]
 }, Open  ]],
 Cell[CellGroupData[{
 Cell[5807, 173, 69, 1, 28, ""Input""],
 Cell[5879, 176, 70, 1, 28, ""Output""]
 }, Open  ]],
 Cell[CellGroupData[{
 Cell[5986, 182, 189, 4, 46, ""Input""],
 Cell[6178, 188, 159, 3, 28, ""Output""]
 }, Open  ]],
 Cell[6352, 194, 170, 4, 28, ""Input""],
 Cell[CellGroupData[{
 Cell[6547, 202, 177, 3, 46, InheritFromParent],
 Cell[6727, 207, 70, 1, 28, ""Output""],
 Cell[6800, 210, 72, 1, 28, ""Output""]
 }, Open  ]],
 Cell[6887, 214, 92, 1, 28, InheritFromParent],
 Cell[6982, 217, 94, 1, 28, InheritFromParent],
 Cell[7079, 220, 91, 1, 28, InheritFromParent],
 Cell[7173, 223, 280, 8, 28, ""Input""]
 }
 ]
 *)
 
 (* End of internal cache information *)
"
8,bhamrick,"(* Content-type: application/mathematica *)
 
 (*** Wolfram Notebook File ***)
 (* http://www.wolfram.com/nb *)
 
 (* CreatedBy='Mathematica 7.0' *)
 
 (*CacheID: 234*)
 (* Internal cache information:
 NotebookFileLineBreakTest
 NotebookFileLineBreakTest
 NotebookDataPosition[       145,          7]
 NotebookDataLength[      8484,        270]
 NotebookOptionsPosition[      7457,        233]
 NotebookOutlinePosition[      7795,        248]
 CellTagsIndexPosition[      7752,        245]
 WindowFrame->Normal*)
 
 (* Beginning of Notebook Content *)
 Notebook[{
 Cell[BoxData[""""], ""Input"",
  CellChangeTimes->{{3.4617093519345837`*^9, 3.461709352528963*^9}},
  FontWeight->""Plain""],
 
 Cell[BoxData[
  RowBox[{
   RowBox[{""f"", ""["", 
    RowBox[{""c_"", "","", ""ctot_"", "","", ""n_""}], ""]""}], "":="", 
   RowBox[{""Piecewise"", ""["", 
    RowBox[{""{"", 
     RowBox[{
      RowBox[{""{"", 
       RowBox[{""0"", "","", 
        RowBox[{""c"", ""\[LessEqual]"", ""0""}]}], ""}""}], "","", 
      RowBox[{""{"", 
       RowBox[{
        RowBox[{
         RowBox[{""1"", ""/"", 
          RowBox[{""("", 
           RowBox[{
            RowBox[{""Binomial"", ""["", 
             RowBox[{""ctot"", "","", ""n""}], ""]""}], ""-"", 
            RowBox[{""Binomial"", ""["", 
             RowBox[{
              RowBox[{""ctot"", ""-"", ""c""}], "","", ""n""}], ""]""}]}], "")""}]}], ""*"", 
         RowBox[{""("", 
          RowBox[{
           RowBox[{""Binomial"", ""["", 
            RowBox[{""ctot"", "","", ""n""}], ""]""}], ""+"", 
           RowBox[{""Sum"", ""["", 
            RowBox[{
             RowBox[{
              RowBox[{""Binomial"", ""["", 
               RowBox[{""c"", "","", ""i""}], ""]""}], ""*"", 
              RowBox[{""Binomial"", ""["", 
               RowBox[{
                RowBox[{""ctot"", ""-"", ""c""}], "","", 
                RowBox[{""n"", ""-"", ""i""}]}], ""]""}], ""*"", 
              RowBox[{""f"", ""["", 
               RowBox[{
                RowBox[{""c"", ""-"", ""i""}], "","", ""ctot"", "","", ""n""}], ""]""}]}], "","", 
             RowBox[{""{"", 
              RowBox[{""i"", "","", ""1"", "","", 
               RowBox[{""Min"", ""["", 
                RowBox[{""n"", "","", ""c""}], ""]""}]}], ""}""}]}], ""]""}]}], "")""}]}], 
        "","", 
        RowBox[{""c"", "">"", ""0""}]}], ""}""}]}], ""}""}], ""]""}]}]], ""Input"",
  CellChangeTimes->{{3.461709366645303*^9, 3.461709437826968*^9}, {
   3.461710144839479*^9, 3.461710147040761*^9}}],
 
 Cell[BoxData[{
  RowBox[{
   RowBox[{""fout"", ""="", 
    RowBox[{""OpenWrite"", ""["", ""\""\<C.out\>\"""", ""]""}]}], 
   "";""}], ""\[IndentingNewLine]"", 
  RowBox[{
   RowBox[{""list"", ""="", 
    RowBox[{""ReadList"", ""["", 
     RowBox[{""\""\<C.in\>\"""", "","", ""Number""}], ""]""}]}], 
   "";""}], ""\[IndentingNewLine]"", 
  RowBox[{
   RowBox[{""T"", ""="", 
    RowBox[{""First"", ""["", ""list"", ""]""}]}], "";""}], ""\[IndentingNewLine]"", 
  RowBox[{
   RowBox[{""list"", ""="", 
    RowBox[{""Rest"", ""["", ""list"", ""]""}]}], "";""}], ""\[IndentingNewLine]"", 
  RowBox[{""For"", ""["", 
   RowBox[{
    RowBox[{""i"", ""="", ""1""}], "","", 
    RowBox[{""i"", ""\[LessEqual]"", ""T""}], "","", 
    RowBox[{""i"", ""="", 
     RowBox[{""i"", ""+"", ""1""}]}], "","", 
    RowBox[{
     RowBox[{""tc"", ""="", 
      RowBox[{""First"", ""["", ""list"", ""]""}]}], "";"", 
     RowBox[{""list"", ""="", 
      RowBox[{""Rest"", ""["", ""list"", ""]""}]}], "";"", 
     RowBox[{""tn"", ""="", 
      RowBox[{""First"", ""["", ""list"", ""]""}]}], "";"", 
     RowBox[{""list"", ""="", 
      RowBox[{""Rest"", ""["", ""list"", ""]""}]}], "";"", 
     RowBox[{""ans"", ""="", 
      RowBox[{""{"", ""}""}]}], "";"", 
     RowBox[{""For"", ""["", 
      RowBox[{
       RowBox[{""c"", ""="", ""1""}], "","", 
       RowBox[{""c"", ""\[LessEqual]"", ""tc""}], "","", 
       RowBox[{""c"", ""="", 
        RowBox[{""c"", ""+"", ""1""}]}], "","", 
       RowBox[{""ans"", ""="", 
        RowBox[{""Append"", ""["", 
         RowBox[{""ans"", "","", 
          RowBox[{
           RowBox[{""1"", ""/"", 
            RowBox[{""("", 
             RowBox[{
              RowBox[{""Binomial"", ""["", 
               RowBox[{""tc"", "","", ""tn""}], ""]""}], ""-"", 
              RowBox[{""Binomial"", ""["", 
               RowBox[{
                RowBox[{""tc"", ""-"", ""c""}], "","", ""tn""}], ""]""}]}], "")""}]}], ""*"", 
           RowBox[{""("", 
            RowBox[{
             RowBox[{""Binomial"", ""["", 
              RowBox[{""tc"", "","", ""tn""}], ""]""}], ""+"", 
             RowBox[{""Sum"", ""["", 
              RowBox[{
               RowBox[{
                RowBox[{""Binomial"", ""["", 
                 RowBox[{""c"", "","", ""j""}], ""]""}], ""*"", 
                RowBox[{""Binomial"", ""["", 
                 RowBox[{
                  RowBox[{""tc"", ""-"", ""c""}], "","", 
                  RowBox[{""tn"", ""-"", ""j""}]}], ""]""}], ""*"", 
                RowBox[{""ans"", ""["", 
                 RowBox[{""["", 
                  RowBox[{""c"", ""-"", ""j""}], ""]""}], ""]""}]}], "","", 
               RowBox[{""{"", 
                RowBox[{""j"", "","", ""1"", "","", 
                 RowBox[{""Min"", ""["", 
                  RowBox[{""tn"", "","", 
                   RowBox[{""c"", ""-"", ""1""}]}], ""]""}]}], ""}""}]}], ""]""}]}], 
            "")""}]}]}], ""]""}]}]}], ""]""}], "";"", 
     RowBox[{""WriteString"", ""["", 
      RowBox[{
      ""fout"", "","", ""\""\<Case #\>\"""", "","", ""i"", "","", ""\""\<: \>\"""", "","", 
       RowBox[{""N"", ""["", 
        RowBox[{
         RowBox[{""ans"", ""["", 
          RowBox[{""["", ""tc"", ""]""}], ""]""}], "","", ""8""}], ""]""}], "","", 
       ""\""\<\\n\>\""""}], ""]""}]}]}], ""]""}], ""\[IndentingNewLine]"", 
  RowBox[{
   RowBox[{""Close"", ""["", ""fout"", ""]""}], "";""}]}], ""Input"",
  CellChangeTimes->{{3.461709440452496*^9, 3.461709463777014*^9}, {
   3.4617096147491407`*^9, 3.46170962630998*^9}, {3.4617096575738373`*^9, 
   3.461709827485632*^9}, {3.46170989702627*^9, 3.4617099666033783`*^9}, {
   3.461710178537223*^9, 3.461710417441124*^9}}],
 
 Cell[CellGroupData[{
 
 Cell[BoxData[
  RowBox[{""T"", "" "", ""="", "" "", 
   RowBox[{""First"", ""["", ""list"", ""]""}]}]], ""Input"",
  CellChangeTimes->{{3.4617094664425488`*^9, 3.461709524224614*^9}, {
   3.461709556111203*^9, 3.461709562306778*^9}}],
 
 Cell[BoxData[""2""], ""Output"",
  CellChangeTimes->{{3.461709467348528*^9, 3.461709524541711*^9}, 
    3.4617095633641043`*^9}]
 }, Open  ]],
 
 Cell[CellGroupData[{
 
 Cell[BoxData[""T""], ""Input"",
  CellChangeTimes->{3.461709563927175*^9}],
 
 Cell[BoxData[""2""], ""Output"",
  CellChangeTimes->{3.461709564614134*^9}]
 }, Open  ]],
 
 Cell[CellGroupData[{
 
 Cell[BoxData[
  RowBox[{""\[IndentingNewLine]"", 
   RowBox[{""list"", ""="", 
    RowBox[{""Rest"", ""["", ""list"", ""]""}]}]}]], ""Input"",
  CellChangeTimes->{{3.461709583407507*^9, 3.461709606766411*^9}}],
 
 Cell[BoxData[
  RowBox[{""{"", 
   RowBox[{""2"", "","", ""1"", "","", ""3"", "","", ""2""}], ""}""}]], ""Output"",
  CellChangeTimes->{{3.461709604407844*^9, 3.461709607066811*^9}}]
 }, Open  ]],
 
 Cell[BoxData[
  RowBox[{
   RowBox[{""{"", ""2"", ""}""}], ""["", 
   RowBox[{""["", ""1"", ""]""}], ""]""}]], ""Input"",
  CellChangeTimes->{{3.4617101219342127`*^9, 3.4617101315323563`*^9}}],
 
 Cell[CellGroupData[{
 
 Cell[BoxData[{""2"", ""\[IndentingNewLine]"", 
  RowBox[{""Min"", ""["", 
   RowBox[{""2"", "","", ""3""}], ""]""}]}], ""Input"",
  CellChangeTimes->{{3.4617101517696047`*^9, 3.461710153196177*^9}}],
 
 Cell[BoxData[""2""], ""Output"",
  CellChangeTimes->{3.461710153552635*^9}],
 
 Cell[BoxData[""2""], ""Output"",
  CellChangeTimes->{3.4617101535838537`*^9}]
 }, Open  ]],
 
 Cell[BoxData[""""], ""Input"",
  CellChangeTimes->{{3.461709590184916*^9, 3.461709610213735*^9}}],
 
 Cell[BoxData[""""], ""Input"",
  CellChangeTimes->{{3.461709609702208*^9, 3.4617096097322607`*^9}}],
 
 Cell[BoxData[""""], ""Input"",
  CellChangeTimes->{{3.461709608684236*^9, 3.46170960871607*^9}}],
 
 Cell[BoxData[
  RowBox[{""for"", ""["", 
   RowBox[{
    RowBox[{""i"", ""="", ""1""}], "","", 
    RowBox[{
     RowBox[{""i"", ""\[LessEqual]"", ""T""}], "";"", 
     RowBox[{""i"", ""="", 
      RowBox[{""i"", ""+"", ""1""}]}]}], "",""}]}]], ""Input"",
  CellChangeTimes->{{3.461709566157962*^9, 3.461709582223267*^9}}]
 },
 WindowSize->{640, 750},
 WindowMargins->{{150, Automatic}, {Automatic, 52}},
 FrontEndVersion->""7.0 for Linux x86 (64-bit) (February 25, 2009)"",
 StyleDefinitions->""Default.nb""
 ]
 (* End of Notebook Content *)
 
 (* Internal cache information *)
 (*CellTagsOutline
 CellTagsIndex->{}
 *)
 (*CellTagsIndex
 CellTagsIndex->{}
 *)
 (*NotebookFileOutline
 Notebook[{
 Cell[545, 20, 116, 2, 28, ""Input""],
 Cell[664, 24, 1576, 44, 131, ""Input""],
 Cell[2243, 70, 3166, 86, 233, ""Input""],
 Cell[CellGroupData[{
 Cell[5434, 160, 211, 4, 28, ""Input""],
 Cell[5648, 166, 122, 2, 28, ""Output""]
 }, Open  ]],
 Cell[CellGroupData[{
 Cell[5807, 173, 69, 1, 28, ""Input""],
 Cell[5879, 176, 70, 1, 28, ""Output""]
 }, Open  ]],
 Cell[CellGroupData[{
 Cell[5986, 182, 189, 4, 46, ""Input""],
 Cell[6178, 188, 159, 3, 28, ""Output""]
 }, Open  ]],
 Cell[6352, 194, 170, 4, 28, ""Input""],
 Cell[CellGroupData[{
 Cell[6547, 202, 177, 3, 46, InheritFromParent],
 Cell[6727, 207, 70, 1, 28, ""Output""],
 Cell[6800, 210, 72, 1, 28, ""Output""]
 }, Open  ]],
 Cell[6887, 214, 92, 1, 28, InheritFromParent],
 Cell[6982, 217, 94, 1, 28, InheritFromParent],
 Cell[7079, 220, 91, 1, 28, InheritFromParent],
 Cell[7173, 223, 280, 8, 28, ""Input""]
 }
 ]
 *)
 
 (* End of internal cache information *)
"
9,kyu.bok.l,"#include <vector>
 #include <list>
 #include <map>
 #include <set>
 #include <queue>
 #include <stack>
 #include <bitset>
 #include <algorithm>
 #include <numeric>
 #include <sstream>
 #include <iostream>
 #include <cstdio>
 #include <cmath>
 #include <cstdlib>
 #include <cctype>
 #include <string>
 #include <cstring>
 #include <fstream>
 using namespace std;
 
 #define sz(c) ((int)c.size())
 #define pb push_back
 
 map <int, bool> m[11];
 map <int, bool> viz;
 
 int sum(int a, int b) {
 	string res = """";
 	while (a > 0) {
 		res += ""0123456789""[a%b];
 		a /= b;
 	}
 
 	int cnt[10]; memset(cnt, 0, sizeof(cnt));
 	for (int i = 0; i < sz(res); i++)
 		cnt[res[i]-'0']++;
 	bool found = 1;
 	for (int i = 2; i < 10; i++)
 		if (cnt[i] > 0) { found = 0; break; }
 	if (cnt[1] != 1) found = 0;
 	if (found) return -1;
 
 	int val = 0;
 	for (int i = 0; i < sz(res); i++)
 		val += (res[i]-'0')*(res[i]-'0');
 	return val;
 }
 
 bool check(int a, int b) {
 	if (m[b].count(a)) return m[b][a];
 	if (viz.count(a)) return 0;
 	viz[a] = 1;
 	int s = sum(a, b);
 	if (s == -1) return m[b][a] = 1;
 	bool res = check(s, b);
 	return m[b][a] = res;
 }
 
 int main() {
 	ifstream fin(""A-small.txt"");
 	FILE *fout = fopen(""A-small.out"", ""w"");
 	
 	int numtests;
 	string dummy;
 	fin >> numtests;
 	getline(fin, dummy);
 	for (int i = 1; i <= numtests; i++) {
 		string line;
 		getline(fin, line);
 		stringstream ss(line);
 		int b; vector <int> bases;
 		while (ss >> b) bases.pb(b);
 		for (int j = 2; 1; j++) {
 			bool found = 1;
 			for (int k = 0; k < sz(bases); k++) {
 				viz.clear();
 				if (m[bases[k]].count(j)) {
 					found = m[bases[k]][j];
 					if (!found) break;
 				}
 				else {
 					found = check(j, bases[k]);
 					if (!found) break;
 				}
 			}
 			if (found) {
 				fprintf(fout, ""Case #%d: %d\n"", i, j);
 				break;
 			}
 		}
 	}
 
 	fclose(fout);
 	return 0;
 }
 
 
"
10,dmitrib,"package dmitrib.gcj.multibase;
 
 import java.io.*;
 import java.util.List;
 import java.util.ArrayList;
 import java.util.Set;
 import java.util.HashSet;
 
 /**
  * Created by IntelliJ IDEA.
  * Date: 12.09.2009
  * Time: 4:17:11
  * To change this template use File | Settings | File Templates.
  */
 public class Multibase {
 
 
     public static void main(String[] args) throws IOException {
         long start = System.currentTimeMillis();
 
         String[][] items = GcjInputReader.readItems(""input-multibase.txt"");
 
         FileWriter wr = new FileWriter(""out-multibase.txt"");
 
 
         int cases = Integer.valueOf(items[0][0]);
 
         for (int i=0; i<cases; i++) {
 
             boolean isAllMagic = true;
 
             int candidate = 2;
 
             do {
 
                 isAllMagic = true;
 
                 for(int j=0; j<items[i+1].length; j++) {
 
                     System.out.println(""candidate = "" + candidate);
                     
                     isAllMagic &= isMagic(candidate, Integer.parseInt(items[i+1][j]), new HashSet<Long>());
                 }
 
                 candidate++;
 
             } while (!isAllMagic);
 
             System.out.println(""magic = "" + (candidate-1));
 
             wr.write(""Case #"" + (i+1) + "": "" + (candidate - 1) + ""\n"");
 
 
         }
 
         wr.close();
 
     }
 
 
     static boolean isMagic(long number, int base, Set<Long> alreadyExists) {
 
         List<Long> digits = split(number, base);
 
         //System.out.println(""digits = "" + digits);
 
         long sum = 0;
 
         for (int i=0; i<digits.size(); i++) {
            sum += (digits.get(i) * digits.get(i));
         }
 
         if (sum == 1) {
             return true;
         }
         else if (alreadyExists.contains(sum)) {
             System.out.println(""not a magic = "" + number + "" in "" + base);
             return false;
         }
         else {
             //System.out.println(""sum = "" + sum);
             alreadyExists.add(sum);
             return isMagic(sum, base, alreadyExists);
         }
         
     }
 
     static List<Long> split(long number, int base) {
         ArrayList<Long> representation = new ArrayList<Long>();
 
         long  fullPart = number;
 
         long remain = 0;
 
         do {
 
             remain = fullPart % base;
 
             fullPart = fullPart / base;
 
             representation.add(remain);
             
 
         } while (fullPart > 0);
 
         return representation;
 
     }
 
 }
 
 
 class GcjInputReader {
 
   //private static String items[][];
 
   static String[][] readItems(String file) {
 
     String items[][];
 
     FileInputStream stream = null;
 
     try {
 
       stream = new FileInputStream(file);
       BufferedReader input = new BufferedReader(new InputStreamReader(stream));
 
       List<String> lines = new ArrayList<String>();
 
       String line;
 
       while((line = input.readLine()) != null) {
         lines.add(line);
       }
 
 
       items = new String[lines.size()][];
 
       int i=0;
       for (String l : lines) {
         items[i++] = l.split(""\\s"");
       }
 
       return items;
 
     }
     catch (FileNotFoundException e) {
       throw new RuntimeException(e);
     }
     catch (IOException e) {
       throw new RuntimeException(e);
     }
     finally {
       if (stream != null) {
         try {
           stream.close();
         }
         catch (IOException e) {
           e.printStackTrace();
         }
       }
     }
 
   }
 
 }
"
