,clean_msg
0,"import javaioBufferedReader
 import javaioInputStreamReader
 import javautilArrays
 import javautilStringTokenizer
 
 public class A1 
 
 	public static void mainString args throws Exception 
 		reader  new BufferedReadernew InputStreamReaderSystemin
 		st  new StringTokenizerreaderreadLine
 		int t  IntegerparseIntstnextToken c  1
 		int a  new int100 b  new int100 cnt sum
 		boolean valid used  new boolean100000
 		while t  0 
 			st  new StringTokenizerreaderreadLine
 			cnt  0
 			while sthasMoreTokens 
 				acnt  IntegerparseIntstnextToken
 			
 			for int i  2 i 
 				valid  true
 				for int j  0 j  cnt j 
 					int tmp  i
 					sum  i
 					Arraysfillused false
 					usedi  true
 					while sum  1 
 						tmp  sum
 						sum  0
 						int k  0
 						while tmp  0 
 							bk  tmp  aj
 							bk  bk
 							sum  bk
 							k
 							tmp  aj
 						
 						if usedsum 
 							valid  false
 							break
 						
 						usedsum  true
 					
 					if valid
 						break
 				
 				if valid 
 					SystemoutprintlnCase   c     i
 					break
 				
 			
 		
 
 	
 
 	static StringTokenizer st
 	static BufferedReader reader
 	static String line
 	static double eps  1e9
 	static double PI  Mathatan20 10
 
 
"
1,"usrbinenv python
 
 import sys math
 
 def changeBaseFromTennumbase
     digits  
     while num  0
         digitsinsert0 strnum  base
         num  base
     return joindigits
 
 def isHappynumbase
     thisNum  changeBaseFromTennumbase
     numsPassed  thisNum
     while thisNum  1
         digits  mapintthisNum
         sqDigits  maplambda x powx2 digits
         thisNum  sumsqDigits
         thisNum  changeBaseFromTenthisNumbase
         if thisNum in numsPassed
             return False
         else
             numsPassedappendthisNum
     return True
 
 n  intsysstdinreadlinestrip
 
 for i in rangen
     bases  mapintsysstdinreadlinestripsplit 
     res  0
 
     for j in range210000000
         found  True
         for base in bases
             if not isHappyjbase
                 found  False
                 break
         if found
             res  j
             break
 
     print Case d d  i1 res 
"
2,"usrbinenv python
 
 import sys
 import math
 
 N  intsysstdinreadlinestrip
 
 for i in rangeN
     c n  mapfloatsysstdinreadlinestripsplit 
     res  1  cn  cn1n
     print Case d f i1res
     continue
     numCollected  n
     numPacks  10
     while  True 
         cardsLeft  mathceilc  numCollected
         found  False
         for i in rangen
             numCollected  floatcardsLeftc
             if numCollected  c
                 numPacks  floati1floatn
                 found  True
                 break
         if found
             break
         numPacks  10
 
                
 
     print Case d f  i1numPacks 
"
3,"includequeue
 includecstdio
 includecstdlib
 
 define MAXN 25
 define INFTY 0x7FFFFFFFFFFFFFFFll
 
 using namespace std
 
 long long modlong long a long long b 
 	return abbb
 
 
 int N M
 
 bool validint r int c 
 	return r  0  r  N  c  0  c  M
 
 
 long long nextgreenint S1 int S2 int T long long t bool ns 
 	ifns 
 		ifmodtTS1S2  S1 
 			return t
 		 else 
 			return t  S1S2  modtTS1S2
 		
 	 else 
 		ifmodtTS1S2  S1 
 			return t
 		 else 
 			return t  S1  modtTS1S2
 		
 	
 
 
 int main 
 	long long distMAXNMAXN4  0  sw 1  nw 2  ne 3  se
 	int S1MAXNMAXN S2MAXNMAXN TMAXNMAXN
 	FILE fin  fopenBinr fout  fopenBoutw
 	int C
 	fscanffindC
 	forint cc  1 ccC cc 
 		forint i  0 iMAXN i
 			forint j  0 jMAXN j
 				forint k  0 k4 k
 					distijkINFTY
 		fscanffinddNM
 		forint i  0 iN i 
 			forint j  0 jM j 
 				fscanffindddS1ijS2ijTij
 			
 		
 		distN1000
 		priorityqueue pair pairlong longintpairintint   pq
 		pqpushmakepairmakepair0ll0makepairN10
 		whilepqempty 
 			pair pairlong longintpairintint  p  pqtop
 			pqpop
 			ifpfirstfirst  distpsecondfirstpsecondsecondpfirstsecond continue
 			int r  psecondfirst c  psecondsecond d  pfirstfirst k  pfirstsecond
 			ifpfirstsecond  0 
 				ifvalidrc1 
 					ifdistrc02  distrc13 
 						distrc13  distrc0  2
 						pqpushmakepairmakepairdistrc023makepairrc1
 					
 				
 				ifvalidr1c 
 					ifdistrc02  distr1c1 
 						distr1c1  distrc0  2
 						pqpushmakepairmakepairdistrc021makepairr1c
 					
 				
 				ifnextgreenS1rcS2rcTrcdistrc0true  1  distrc1 
 					distrc1  nextgreenS1rcS2rcTrcdistrc0true  1
 					pqpushmakepairmakepairdistrc11makepairrc
 				
 				ifnextgreenS1rcS2rcTrcdistrc0false  1  distrc3 
 					distrc3  nextgreenS1rcS2rcTrcdistrc0false  1
 					pqpushmakepairmakepairdistrc33makepairrc
 				
 			 else ifpfirstsecond  1 
 				ifvalidr1c 
 					ifdistrc12  distr1c0 
 						distr1c0  distrc1  2
 						pqpushmakepairmakepairdistrc120makepairr1c
 					
 				
 				ifvalidrc1 
 					ifdistrc12  distrc12 
 						distrc12  distrc1  2
 						pqpushmakepairmakepairdistrc122makepairrc1
 					
 				
 				ifnextgreenS1rcS2rcTrcdistrc1true  1  distrc0 
 					distrc0  nextgreenS1rcS2rcTrcdistrc1true  1
 					pqpushmakepairmakepairdistrc00makepairrc
 				
 				ifnextgreenS1rcS2rcTrcdistrc1false  1  distrc2 
 					distrc2  nextgreenS1rcS2rcTrcdistrc1false  1
 					pqpushmakepairmakepairdistrc22makepairrc
 				
 			 else ifpfirstsecond  2 
 				ifvalidr1c 
 					ifdistrc22  distr1c3 
 						distr1c3  distrc2  2
 						pqpushmakepairmakepairdistrc223makepairr1c
 					
 				
 				ifvalidrc1 
 					ifdistrc22  distrc11 
 						distrc11  distrc2  2
 						pqpushmakepairmakepairdistrc221makepairrc1
 					
 				
 				ifnextgreenS1rcS2rcTrcdistrc2true  1  distrc3 
 					distrc3  nextgreenS1rcS2rcTrcdistrc2true  1
 					pqpushmakepairmakepairdistrc33makepairrc
 				
 				ifnextgreenS1rcS2rcTrcdistrc2false  1  distrc1 
 					distrc1  nextgreenS1rcS2rcTrcdistrc2false  1
 					pqpushmakepairmakepairdistrc11makepairrc
 				
 			 else ifpfirstsecond  3 
 				ifvalidr1c 
 					ifdistrc32  distr1c2 
 						distr1c2  distrc3  2
 						pqpushmakepairmakepairdistrc322makepairr1c
 					
 				
 				ifvalidrc1 
 					ifdistrc32  distrc10 
 						distrc10  distrc3  2
 						pqpushmakepairmakepairdistrc320makepairrc1
 					
 				
 				ifnextgreenS1rcS2rcTrcdistrc3true  1  distrc2 
 					distrc2  nextgreenS1rcS2rcTrcdistrc3true  1
 					pqpushmakepairmakepairdistrc22makepairrc
 				
 				ifnextgreenS1rcS2rcTrcdistrc3false  1  distrc0 
 					distrc0  nextgreenS1rcS2rcTrcdistrc3false  1
 					pqpushmakepairmakepairdistrc00makepairrc
 				
 			
 		
 		fprintffoutCase d lldnccdist0M12
 	
 	fclosefin
 	fclosefout
 	return 0
 
"
4,"includequeue
 includecstdio
 includecstdlib
 
 define MAXN 25
 define INFTY 0x7FFFFFFFFFFFFFFFll
 
 using namespace std
 
 long long modlong long a long long b 
 	return abbb
 
 
 int N M
 
 bool validint r int c 
 	return r  0  r  N  c  0  c  M
 
 
 long long nextgreenint S1 int S2 int T long long t bool ns 
 	ifns 
 		ifmodtTS1S2  S1 
 			return t
 		 else 
 			return t  S1S2  modtTS1S2
 		
 	 else 
 		ifmodtTS1S2  S1 
 			return t
 		 else 
 			return t  S1  modtTS1S2
 		
 	
 
 
 int main 
 	long long distMAXNMAXN4  0  sw 1  nw 2  ne 3  se
 	int S1MAXNMAXN S2MAXNMAXN TMAXNMAXN
 	FILE fin  fopenBinr fout  fopenBoutw
 	int C
 	fscanffindC
 	forint cc  1 ccC cc 
 		forint i  0 iMAXN i
 			forint j  0 jMAXN j
 				forint k  0 k4 k
 					distijkINFTY
 		fscanffinddNM
 		forint i  0 iN i 
 			forint j  0 jM j 
 				fscanffindddS1ijS2ijTij
 			
 		
 		distN1000
 		priorityqueue pair pairlong longintpairintint   pq
 		pqpushmakepairmakepair0ll0makepairN10
 		whilepqempty 
 			pair pairlong longintpairintint  p  pqtop
 			pqpop
 			ifpfirstfirst  distpsecondfirstpsecondsecondpfirstsecond continue
 			int r  psecondfirst c  psecondsecond d  pfirstfirst k  pfirstsecond
 			ifpfirstsecond  0 
 				ifvalidrc1 
 					ifdistrc02  distrc13 
 						distrc13  distrc0  2
 						pqpushmakepairmakepairdistrc023makepairrc1
 					
 				
 				ifvalidr1c 
 					ifdistrc02  distr1c1 
 						distr1c1  distrc0  2
 						pqpushmakepairmakepairdistrc021makepairr1c
 					
 				
 				ifnextgreenS1rcS2rcTrcdistrc0true  1  distrc1 
 					distrc1  nextgreenS1rcS2rcTrcdistrc0true  1
 					pqpushmakepairmakepairdistrc11makepairrc
 				
 				ifnextgreenS1rcS2rcTrcdistrc0false  1  distrc3 
 					distrc3  nextgreenS1rcS2rcTrcdistrc0false  1
 					pqpushmakepairmakepairdistrc33makepairrc
 				
 			 else ifpfirstsecond  1 
 				ifvalidr1c 
 					ifdistrc12  distr1c0 
 						distr1c0  distrc1  2
 						pqpushmakepairmakepairdistrc120makepairr1c
 					
 				
 				ifvalidrc1 
 					ifdistrc12  distrc12 
 						distrc12  distrc1  2
 						pqpushmakepairmakepairdistrc122makepairrc1
 					
 				
 				ifnextgreenS1rcS2rcTrcdistrc1true  1  distrc0 
 					distrc0  nextgreenS1rcS2rcTrcdistrc1true  1
 					pqpushmakepairmakepairdistrc00makepairrc
 				
 				ifnextgreenS1rcS2rcTrcdistrc1false  1  distrc2 
 					distrc2  nextgreenS1rcS2rcTrcdistrc1false  1
 					pqpushmakepairmakepairdistrc22makepairrc
 				
 			 else ifpfirstsecond  2 
 				ifvalidr1c 
 					ifdistrc22  distr1c3 
 						distr1c3  distrc2  2
 						pqpushmakepairmakepairdistrc223makepairr1c
 					
 				
 				ifvalidrc1 
 					ifdistrc22  distrc11 
 						distrc11  distrc2  2
 						pqpushmakepairmakepairdistrc221makepairrc1
 					
 				
 				ifnextgreenS1rcS2rcTrcdistrc2true  1  distrc3 
 					distrc3  nextgreenS1rcS2rcTrcdistrc2true  1
 					pqpushmakepairmakepairdistrc33makepairrc
 				
 				ifnextgreenS1rcS2rcTrcdistrc2false  1  distrc1 
 					distrc1  nextgreenS1rcS2rcTrcdistrc2false  1
 					pqpushmakepairmakepairdistrc11makepairrc
 				
 			 else ifpfirstsecond  3 
 				ifvalidr1c 
 					ifdistrc32  distr1c2 
 						distr1c2  distrc3  2
 						pqpushmakepairmakepairdistrc322makepairr1c
 					
 				
 				ifvalidrc1 
 					ifdistrc32  distrc10 
 						distrc10  distrc3  2
 						pqpushmakepairmakepairdistrc320makepairrc1
 					
 				
 				ifnextgreenS1rcS2rcTrcdistrc3true  1  distrc2 
 					distrc2  nextgreenS1rcS2rcTrcdistrc3true  1
 					pqpushmakepairmakepairdistrc22makepairrc
 				
 				ifnextgreenS1rcS2rcTrcdistrc3false  1  distrc0 
 					distrc0  nextgreenS1rcS2rcTrcdistrc3false  1
 					pqpushmakepairmakepairdistrc00makepairrc
 				
 			
 		
 		fprintffoutCase d lldnccdist0M12
 	
 	fclosefin
 	fclosefout
 	return 0
 
"
5,"includemap
 includeset
 includecstdio
 includecstdlib
 
 define MAXANS 11814486
 
 using namespace std
 
 mappairintint bool mem
 
 bool happyint n int b 
 	printfd dnnb
 	setint s
 	whilen1 
 		ifmemcountmakepairnb  0 return memmakepairnb
 		ifscountn  0 
 			forsetintiterator iter  sbegin iter  send iter 
 				memmakepairiterbfalse
 			
 			return false
 		
 		sinsertn
 		int nn  0
 		whilen 
 			nn  nbnb
 			n  b
 		
 		n  nn
 		printfdnn
 	
 	forsetintiterator iter  sbegin iter  send iter 
 		memmakepairiterbtrue
 	
 	return true
 
 
 int bases11 nb ans512
 
 int main 
 	FILE fin  fopenAinr
 	FILE fout  fopenAoutw
 	int T
 	fscanffind T
 	forint i  0 i512 i ansi  0
 	forint i  2 iMAXANS i 
 		int mask  0
 		forint b  0 b9 b 
 			ifhappyib2 
 				mask  1b
 			
 		
 		ifansmask  0 
 			ansmask  i
 		
 	
 	forint k  1 kT k 
 		nb  0
 		char c  0
 		int base  0
 		fscanffincc
 		whilec  10 
 			ifc    
 				basesnb  base
 				nb
 				base  0
 			 else 
 				base  base  10  c0
 			
 			fscanffincc
 			printfdnc
 		
 		basesnb  base
 		nb
 		printfnb  dn
 		forint i  0 inb i 
 			printfd basesi
 		
 		printfn
 		int mask  0
 		forint i  0 inb i 
 			mask  1basesi2
 		
 		int tans  MAXANS
 		forint i  0 i512 i 
 			ifmask  i0 
 				ifansi  tans  ansi  0 tans  ansi
 			
 		
 		fprintffoutCase d dnktans
 	
 	fclosefin
 	fclosefout
 	return 0
 
"
6,"includeset
 includecstdio
 includecstdlib
 
 using namespace std
 
 bool happyint n int b 
 	printfd dnnb
 	setint s
 	whilen1 
 		ifscountn  0 return false
 		sinsertn
 		int nn  0
 		whilen 
 			nn  nbnb
 			n  b
 		
 		n  nn
 		printfdnn
 	
 	return true
 
 
 int bases11 nb
 
 int main 
 	FILE fin  fopenAinr
 	FILE fout  fopenAoutw
 	int T
 	fscanffind T
 	forint k  1 kT k 
 		nb  0
 		char c  0
 		int base  0
 		fscanffincc
 		whilec  10 
 			ifc    
 				basesnb  base
 				nb
 				base  0
 			 else 
 				base  base  10  c0
 			
 			fscanffincc
 			printfdnc
 		
 		basesnb  base
 		nb
 		printfnb  dn
 		forint i  0 inb i 
 			printfd basesi
 		
 		printfn
 		forint i  2  i 
 			bool flag  true
 			forint b  0 bnb b 
 				ifhappyibasesb 
 					flag  false
 					break
 				
 			
 			ifflag 
 				fprintffoutCase d dnki
 				break
 			
 		
 	
 	fclosefin
 	fclosefout
 	return 0
 
"
7," Contenttype applicationmathematica 
 
  Wolfram Notebook File 
  httpwwwwolframcomnb 
 
  CreatedByMathematica 70 
 
 CacheID 234
  Internal cache information
 NotebookFileLineBreakTest
 NotebookFileLineBreakTest
 NotebookDataPosition       145          7
 NotebookDataLength      8484        270
 NotebookOptionsPosition      7457        233
 NotebookOutlinePosition      7795        248
 CellTagsIndexPosition      7752        245
 WindowFrameNormal
 
  Beginning of Notebook Content 
 Notebook
 CellBoxData Input
  CellChangeTimes346170935193458379 34617093525289639
  FontWeightPlain
 
 CellBoxData
  RowBox
   RowBoxf  
    RowBoxc  ctot  n   
   RowBoxPiecewise  
    RowBox 
     RowBox
      RowBox 
       RowBox0  
        RowBoxc LessEqual 0   
      RowBox 
       RowBox
        RowBox
         RowBox1  
          RowBox 
           RowBox
            RowBoxBinomial  
             RowBoxctot  n   
            RowBoxBinomial  
             RowBox
              RowBoxctot  c  n    
         RowBox 
          RowBox
           RowBoxBinomial  
            RowBoxctot  n   
           RowBoxSum  
            RowBox
             RowBox
              RowBoxBinomial  
               RowBoxc  i   
              RowBoxBinomial  
               RowBox
                RowBoxctot  c  
                RowBoxn  i   
              RowBoxf  
               RowBox
                RowBoxc  i  ctot  n   
             RowBox 
              RowBoxi  1  
               RowBoxMin  
                RowBoxn  c     
         
        RowBoxc  0    Input
  CellChangeTimes34617093666453039 34617094378269689 
   34617101448394799 34617101470407619
 
 CellBoxData
  RowBox
   RowBoxfout  
    RowBoxOpenWrite  Cout  
    IndentingNewLine 
  RowBox
   RowBoxlist  
    RowBoxReadList  
     RowBoxCin  Number  
    IndentingNewLine 
  RowBox
   RowBoxT  
    RowBoxFirst  list   IndentingNewLine 
  RowBox
   RowBoxlist  
    RowBoxRest  list   IndentingNewLine 
  RowBoxFor  
   RowBox
    RowBoxi  1  
    RowBoxi LessEqual T  
    RowBoxi  
     RowBoxi  1  
    RowBox
     RowBoxtc  
      RowBoxFirst  list   
     RowBoxlist  
      RowBoxRest  list   
     RowBoxtn  
      RowBoxFirst  list   
     RowBoxlist  
      RowBoxRest  list   
     RowBoxans  
      RowBox   
     RowBoxFor  
      RowBox
       RowBoxc  1  
       RowBoxc LessEqual tc  
       RowBoxc  
        RowBoxc  1  
       RowBoxans  
        RowBoxAppend  
         RowBoxans  
          RowBox
           RowBox1  
            RowBox 
             RowBox
              RowBoxBinomial  
               RowBoxtc  tn   
              RowBoxBinomial  
               RowBox
                RowBoxtc  c  tn    
           RowBox 
            RowBox
             RowBoxBinomial  
              RowBoxtc  tn   
             RowBoxSum  
              RowBox
               RowBox
                RowBoxBinomial  
                 RowBoxc  j   
                RowBoxBinomial  
                 RowBox
                  RowBoxtc  c  
                  RowBoxtn  j   
                RowBoxans  
                 RowBox 
                  RowBoxc  j    
               RowBox 
                RowBoxj  1  
                 RowBoxMin  
                  RowBoxtn  
                   RowBoxc  1    
                
     RowBoxWriteString  
      RowBox
      fout  Case   i     
       RowBoxN  
        RowBox
         RowBoxans  
          RowBox tc    8   
       n   IndentingNewLine 
  RowBox
   RowBoxClose  fout   Input
  CellChangeTimes34617094404524969 34617094637770149 
   346170961474914079 3461709626309989 346170965757383739 
   34617098274856329 3461709897026279 346170996660337839 
   34617101785372239 34617104174411249
 
 CellCellGroupData
 
 CellBoxData
  RowBoxT      
   RowBoxFirst  list  Input
  CellChangeTimes346170946644254889 34617095242246149 
   34617095561112039 34617095623067789
 
 CellBoxData2 Output
  CellChangeTimes34617094673485289 34617095245417119 
    346170956336410439
  Open  
 
 CellCellGroupData
 
 CellBoxDataT Input
  CellChangeTimes34617095639271759
 
 CellBoxData2 Output
  CellChangeTimes34617095646141349
  Open  
 
 CellCellGroupData
 
 CellBoxData
  RowBoxIndentingNewLine 
   RowBoxlist  
    RowBoxRest  list  Input
  CellChangeTimes34617095834075079 34617096067664119
 
 CellBoxData
  RowBox 
   RowBox2  1  3  2  Output
  CellChangeTimes34617096044078449 34617096070668119
  Open  
 
 CellBoxData
  RowBox
   RowBox 2   
   RowBox 1   Input
  CellChangeTimes346171012193421279 346171013153235639
 
 CellCellGroupData
 
 CellBoxData2 IndentingNewLine 
  RowBoxMin  
   RowBox2  3  Input
  CellChangeTimes346171015176960479 34617101531961779
 
 CellBoxData2 Output
  CellChangeTimes34617101535526359
 
 CellBoxData2 Output
  CellChangeTimes346171015358385379
  Open  
 
 CellBoxData Input
  CellChangeTimes34617095901849169 34617096102137359
 
 CellBoxData Input
  CellChangeTimes34617096097022089 346170960973226079
 
 CellBoxData Input
  CellChangeTimes34617096086842369 3461709608716079
 
 CellBoxData
  RowBoxfor  
   RowBox
    RowBoxi  1  
    RowBox
     RowBoxi LessEqual T  
     RowBoxi  
      RowBoxi  1  Input
  CellChangeTimes34617095661579629 34617095822232679
 
 WindowSize640 750
 WindowMargins150 Automatic Automatic 52
 FrontEndVersion70 for Linux x86 64bit February 25 2009
 StyleDefinitionsDefaultnb
 
  End of Notebook Content 
 
  Internal cache information 
 CellTagsOutline
 CellTagsIndex
 
 CellTagsIndex
 CellTagsIndex
 
 NotebookFileOutline
 Notebook
 Cell545 20 116 2 28 Input
 Cell664 24 1576 44 131 Input
 Cell2243 70 3166 86 233 Input
 CellCellGroupData
 Cell5434 160 211 4 28 Input
 Cell5648 166 122 2 28 Output
  Open  
 CellCellGroupData
 Cell5807 173 69 1 28 Input
 Cell5879 176 70 1 28 Output
  Open  
 CellCellGroupData
 Cell5986 182 189 4 46 Input
 Cell6178 188 159 3 28 Output
  Open  
 Cell6352 194 170 4 28 Input
 CellCellGroupData
 Cell6547 202 177 3 46 InheritFromParent
 Cell6727 207 70 1 28 Output
 Cell6800 210 72 1 28 Output
  Open  
 Cell6887 214 92 1 28 InheritFromParent
 Cell6982 217 94 1 28 InheritFromParent
 Cell7079 220 91 1 28 InheritFromParent
 Cell7173 223 280 8 28 Input
 
 
 
 
  End of internal cache information 
"
8," Contenttype applicationmathematica 
 
  Wolfram Notebook File 
  httpwwwwolframcomnb 
 
  CreatedByMathematica 70 
 
 CacheID 234
  Internal cache information
 NotebookFileLineBreakTest
 NotebookFileLineBreakTest
 NotebookDataPosition       145          7
 NotebookDataLength      8484        270
 NotebookOptionsPosition      7457        233
 NotebookOutlinePosition      7795        248
 CellTagsIndexPosition      7752        245
 WindowFrameNormal
 
  Beginning of Notebook Content 
 Notebook
 CellBoxData Input
  CellChangeTimes346170935193458379 34617093525289639
  FontWeightPlain
 
 CellBoxData
  RowBox
   RowBoxf  
    RowBoxc  ctot  n   
   RowBoxPiecewise  
    RowBox 
     RowBox
      RowBox 
       RowBox0  
        RowBoxc LessEqual 0   
      RowBox 
       RowBox
        RowBox
         RowBox1  
          RowBox 
           RowBox
            RowBoxBinomial  
             RowBoxctot  n   
            RowBoxBinomial  
             RowBox
              RowBoxctot  c  n    
         RowBox 
          RowBox
           RowBoxBinomial  
            RowBoxctot  n   
           RowBoxSum  
            RowBox
             RowBox
              RowBoxBinomial  
               RowBoxc  i   
              RowBoxBinomial  
               RowBox
                RowBoxctot  c  
                RowBoxn  i   
              RowBoxf  
               RowBox
                RowBoxc  i  ctot  n   
             RowBox 
              RowBoxi  1  
               RowBoxMin  
                RowBoxn  c     
         
        RowBoxc  0    Input
  CellChangeTimes34617093666453039 34617094378269689 
   34617101448394799 34617101470407619
 
 CellBoxData
  RowBox
   RowBoxfout  
    RowBoxOpenWrite  Cout  
    IndentingNewLine 
  RowBox
   RowBoxlist  
    RowBoxReadList  
     RowBoxCin  Number  
    IndentingNewLine 
  RowBox
   RowBoxT  
    RowBoxFirst  list   IndentingNewLine 
  RowBox
   RowBoxlist  
    RowBoxRest  list   IndentingNewLine 
  RowBoxFor  
   RowBox
    RowBoxi  1  
    RowBoxi LessEqual T  
    RowBoxi  
     RowBoxi  1  
    RowBox
     RowBoxtc  
      RowBoxFirst  list   
     RowBoxlist  
      RowBoxRest  list   
     RowBoxtn  
      RowBoxFirst  list   
     RowBoxlist  
      RowBoxRest  list   
     RowBoxans  
      RowBox   
     RowBoxFor  
      RowBox
       RowBoxc  1  
       RowBoxc LessEqual tc  
       RowBoxc  
        RowBoxc  1  
       RowBoxans  
        RowBoxAppend  
         RowBoxans  
          RowBox
           RowBox1  
            RowBox 
             RowBox
              RowBoxBinomial  
               RowBoxtc  tn   
              RowBoxBinomial  
               RowBox
                RowBoxtc  c  tn    
           RowBox 
            RowBox
             RowBoxBinomial  
              RowBoxtc  tn   
             RowBoxSum  
              RowBox
               RowBox
                RowBoxBinomial  
                 RowBoxc  j   
                RowBoxBinomial  
                 RowBox
                  RowBoxtc  c  
                  RowBoxtn  j   
                RowBoxans  
                 RowBox 
                  RowBoxc  j    
               RowBox 
                RowBoxj  1  
                 RowBoxMin  
                  RowBoxtn  
                   RowBoxc  1    
                
     RowBoxWriteString  
      RowBox
      fout  Case   i     
       RowBoxN  
        RowBox
         RowBoxans  
          RowBox tc    8   
       n   IndentingNewLine 
  RowBox
   RowBoxClose  fout   Input
  CellChangeTimes34617094404524969 34617094637770149 
   346170961474914079 3461709626309989 346170965757383739 
   34617098274856329 3461709897026279 346170996660337839 
   34617101785372239 34617104174411249
 
 CellCellGroupData
 
 CellBoxData
  RowBoxT      
   RowBoxFirst  list  Input
  CellChangeTimes346170946644254889 34617095242246149 
   34617095561112039 34617095623067789
 
 CellBoxData2 Output
  CellChangeTimes34617094673485289 34617095245417119 
    346170956336410439
  Open  
 
 CellCellGroupData
 
 CellBoxDataT Input
  CellChangeTimes34617095639271759
 
 CellBoxData2 Output
  CellChangeTimes34617095646141349
  Open  
 
 CellCellGroupData
 
 CellBoxData
  RowBoxIndentingNewLine 
   RowBoxlist  
    RowBoxRest  list  Input
  CellChangeTimes34617095834075079 34617096067664119
 
 CellBoxData
  RowBox 
   RowBox2  1  3  2  Output
  CellChangeTimes34617096044078449 34617096070668119
  Open  
 
 CellBoxData
  RowBox
   RowBox 2   
   RowBox 1   Input
  CellChangeTimes346171012193421279 346171013153235639
 
 CellCellGroupData
 
 CellBoxData2 IndentingNewLine 
  RowBoxMin  
   RowBox2  3  Input
  CellChangeTimes346171015176960479 34617101531961779
 
 CellBoxData2 Output
  CellChangeTimes34617101535526359
 
 CellBoxData2 Output
  CellChangeTimes346171015358385379
  Open  
 
 CellBoxData Input
  CellChangeTimes34617095901849169 34617096102137359
 
 CellBoxData Input
  CellChangeTimes34617096097022089 346170960973226079
 
 CellBoxData Input
  CellChangeTimes34617096086842369 3461709608716079
 
 CellBoxData
  RowBoxfor  
   RowBox
    RowBoxi  1  
    RowBox
     RowBoxi LessEqual T  
     RowBoxi  
      RowBoxi  1  Input
  CellChangeTimes34617095661579629 34617095822232679
 
 WindowSize640 750
 WindowMargins150 Automatic Automatic 52
 FrontEndVersion70 for Linux x86 64bit February 25 2009
 StyleDefinitionsDefaultnb
 
  End of Notebook Content 
 
  Internal cache information 
 CellTagsOutline
 CellTagsIndex
 
 CellTagsIndex
 CellTagsIndex
 
 NotebookFileOutline
 Notebook
 Cell545 20 116 2 28 Input
 Cell664 24 1576 44 131 Input
 Cell2243 70 3166 86 233 Input
 CellCellGroupData
 Cell5434 160 211 4 28 Input
 Cell5648 166 122 2 28 Output
  Open  
 CellCellGroupData
 Cell5807 173 69 1 28 Input
 Cell5879 176 70 1 28 Output
  Open  
 CellCellGroupData
 Cell5986 182 189 4 46 Input
 Cell6178 188 159 3 28 Output
  Open  
 Cell6352 194 170 4 28 Input
 CellCellGroupData
 Cell6547 202 177 3 46 InheritFromParent
 Cell6727 207 70 1 28 Output
 Cell6800 210 72 1 28 Output
  Open  
 Cell6887 214 92 1 28 InheritFromParent
 Cell6982 217 94 1 28 InheritFromParent
 Cell7079 220 91 1 28 InheritFromParent
 Cell7173 223 280 8 28 Input
 
 
 
 
  End of internal cache information 
"
9,"include vector
 include list
 include map
 include set
 include queue
 include stack
 include bitset
 include algorithm
 include numeric
 include sstream
 include iostream
 include cstdio
 include cmath
 include cstdlib
 include cctype
 include string
 include cstring
 include fstream
 using namespace std
 
 define szc intcsize
 define pb pushback
 
 map int bool m11
 map int bool viz
 
 int sumint a int b 
 	string res  
 	while a  0 
 		res  0123456789ab
 		a  b
 	
 
 	int cnt10 memsetcnt 0 sizeofcnt
 	for int i  0 i  szres i
 		cntresi0
 	bool found  1
 	for int i  2 i  10 i
 		if cnti  0  found  0 break 
 	if cnt1  1 found  0
 	if found return 1
 
 	int val  0
 	for int i  0 i  szres i
 		val  resi0resi0
 	return val
 
 
 bool checkint a int b 
 	if mbcounta return mba
 	if vizcounta return 0
 	viza  1
 	int s  suma b
 	if s  1 return mba  1
 	bool res  checks b
 	return mba  res
 
 
 int main 
 	ifstream finAsmalltxt
 	FILE fout  fopenAsmallout w
 	
 	int numtests
 	string dummy
 	fin  numtests
 	getlinefin dummy
 	for int i  1 i  numtests i 
 		string line
 		getlinefin line
 		stringstream ssline
 		int b vector int bases
 		while ss  b basespbb
 		for int j  2 1 j 
 			bool found  1
 			for int k  0 k  szbases k 
 				vizclear
 				if mbaseskcountj 
 					found  mbaseskj
 					if found break
 				
 				else 
 					found  checkj basesk
 					if found break
 				
 			
 			if found 
 				fprintffout Case d dn i j
 				break
 			
 		
 	
 
 	fclosefout
 	return 0
 
 
 
"
10,"package dmitribgcjmultibase
 
 import javaio
 import javautilList
 import javautilArrayList
 import javautilSet
 import javautilHashSet
 
 
   Created by IntelliJ IDEA
   Date 12092009
   Time 41711
   To change this template use File  Settings  File Templates
  
 public class Multibase 
 
 
     public static void mainString args throws IOException 
         long start  SystemcurrentTimeMillis
 
         String items  GcjInputReaderreadItemsinputmultibasetxt
 
         FileWriter wr  new FileWriteroutmultibasetxt
 
 
         int cases  IntegervalueOfitems00
 
         for int i0 icases i 
 
             boolean isAllMagic  true
 
             int candidate  2
 
             do 
 
                 isAllMagic  true
 
                 forint j0 jitemsi1length j 
 
                     Systemoutprintlncandidate    candidate
                     
                     isAllMagic  isMagiccandidate IntegerparseIntitemsi1j new HashSetLong
                 
 
                 candidate
 
              while isAllMagic
 
             Systemoutprintlnmagic    candidate1
 
             wrwriteCase   i1     candidate  1  n
 
 
         
 
         wrclose
 
     
 
 
     static boolean isMagiclong number int base SetLong alreadyExists 
 
         ListLong digits  splitnumber base
 
         Systemoutprintlndigits    digits
 
         long sum  0
 
         for int i0 idigitssize i 
            sum  digitsgeti  digitsgeti
         
 
         if sum  1 
             return true
         
         else if alreadyExistscontainssum 
             Systemoutprintlnnot a magic    number   in   base
             return false
         
         else 
             Systemoutprintlnsum    sum
             alreadyExistsaddsum
             return isMagicsum base alreadyExists
         
         
     
 
     static ListLong splitlong number int base 
         ArrayListLong representation  new ArrayListLong
 
         long  fullPart  number
 
         long remain  0
 
         do 
 
             remain  fullPart  base
 
             fullPart  fullPart  base
 
             representationaddremain
             
 
          while fullPart  0
 
         return representation
 
     
 
 
 
 
 class GcjInputReader 
 
   private static String items
 
   static String readItemsString file 
 
     String items
 
     FileInputStream stream  null
 
     try 
 
       stream  new FileInputStreamfile
       BufferedReader input  new BufferedReadernew InputStreamReaderstream
 
       ListString lines  new ArrayListString
 
       String line
 
       whileline  inputreadLine  null 
         linesaddline
       
 
 
       items  new Stringlinessize
 
       int i0
       for String l  lines 
         itemsi  lsplits
       
 
       return items
 
     
     catch FileNotFoundException e 
       throw new RuntimeExceptione
     
     catch IOException e 
       throw new RuntimeExceptione
     
     finally 
       if stream  null 
         try 
           streamclose
         
         catch IOException e 
           eprintStackTrace
         
       
     
 
   
 
 
"
